drug_id,name,pubchem_id,drugbank_id,kegg_id,note
"PA448004","abacavir","441300","DB01048","D00891",""
"PA166153471","abemaciclib","46220502","DB12001","D10688",""
"PA452632","acenocoumarol","54676537","DB01418","D07064",""
"PA448015","acetaminophen","1983","DB00316","D00217",""
"PA166184061","acetaminophen / codeine","","","","PubChem not found; DrugBank not found; KEGG not found"
"PA166184496","acetaminophen / tramadol","","","","PubChem not found; DrugBank not found; KEGG not found"
"PA165981154","afatinib","10184653","DB08916","D09724",""
"PA166122586","afutuzumab","","","","PubChem not found; DrugBank not found; KEGG not found"
"PA166160050","alectinib","49806720","DB11363","D10450",""
"PA166159961","alirocumab","","","D10335","PubChem not found; DrugBank not found"
"PA143487910","aliskiren","5493444","DB09026","D03208",""
"PA448320","allopurinol","135401907","DB00437","D00224",""
"PA166184523","alpelisib","56649450","DB12015","D11011",""
"PA166185150","amifampridine","5918","DB11640","D10228",""
"PA166182002","amifampridine phosphate","","","D10689","PubChem not found; DrugBank not found"
"PA448385","amitriptyline","2160","DB00321","D00809",""
"PA166183785","amlodipine / atorvastatin / perindopril arginine","","","","PubChem not found; DrugBank not found; KEGG not found"
"PA448405","amoxapine","2170","DB00543","D00228",""
"PA448408","amphetamine","3007","DB00182","D01570",""
"PA448432","anastrozole","2187","DB01217","D00960",""
"PA452200","antithrombotic agents","","","","PubChem not found; DrugBank not found; KEGG not found"
"PA164743977","arformoterol","3083544","DB01274","D02981",""
"PA166161216","aripiprazole lauroxil","","","D10364","PubChem not found; DrugBank not found"
"PA448486","arsenic trioxide","","","D02106","PubChem not found; DrugBank not found"
"PA166182783","articaine / epinephrine","","","","PubChem not found; DrugBank not found; KEGG not found"
"PA448497","aspirin","2244","DB00945","D00109",""
"PA10251","atazanavir","148192","DB01072","D01276",""
"PA166129523","atezolizumab","","","D10773","PubChem not found; DrugBank not found"
"PA134688071","atomoxetine","54841","DB00289","D02574",""
"PA448500","atorvastatin","60823","DB01076","D00887",""
"PA166179849","avatrombopag","9852519","DB11995","D10306",""
"PA166169875","avelumab","","","D10817","PubChem not found; DrugBank not found"
"PA164924493","axitinib","6450551","DB06626","D03218",""
"PA448515","azathioprine","2265","DB00993","D00238",""
"PA166114904","belimumab","","","D03068","PubChem not found; DrugBank not found"
"PA165971474","belinostat","6918638","DB05015","D08870",""
"PA166179867","binimetinib","10288191","DB11967","D10604",""
"PA166184057","bisoprolol fumarate / perindopril arginine","","","","PubChem not found; DrugBank not found; KEGG not found"
"PA166129524","blinatumomab","","","D09325","PubChem not found; DrugBank not found"
"PA165948902","boceprevir","10324367","DB08873","D08876",""
"PA166114906","bosutinib","5328940","DB06616","D03252",""
"PA165948903","brentuximab vedotin","","","D09587","PubChem not found; DrugBank not found"
"PA166160053","brexpiprazole","11978813","DB09128","D10309",""
"PA166163482","brigatinib","68165256","DB12267","D10866",""
"PA166153491","brivaracetam","9837243","DB05541","D08879",""
"PA448691","busulfan","2478","DB01008","D00248",""
"PA165958401","cabazitaxel","9854073","DB06772","D09755",""
"PA165906891","cabozantinib","25102847","DB08875","D10062",""
"PA448771","capecitabine","60953","DB01101","D01223",""
"PA448785","carbamazepine","2554","DB00564","D00252",""
"PA166184059","carbasalate calcium","","","D03385","PubChem not found; DrugBank not found"
"PA165958402","carglumic acid","","","D07130","PubChem not found; DrugBank not found"
"PA166177476","cariprazine","11154555","DB06016","D09876",""
"PA448809","carisoprodol","2576","DB00395","D00768",""
"PA448817","carvedilol","2585","DB01136","D00255",""
"PA448866","ceftriaxone","5479530","DB01212","D00924",""
"PA448871","celecoxib","2662","DB00482","D00567",""
"PA166124616","ceritinib","57379345","DB09063","D10551",""
"PA166169879","cerliponase alfa","","","D10813","PubChem not found; DrugBank not found"
"PA164754754","cevimeline","25137844","DB00185","D00661",""
"PA448946","chloroprocaine","8612","DB01161","D00732",""
"PA448948","chloroquine","2719","DB00608","D02114",""
"PA448966","chlorpropamide","2727","DB00672","D00271",""
"PA166160055","cholic acid","","","D00163","PubChem not found; DrugBank not found"
"PA449009","ciprofloxacin","2764","DB00537","D00186",""
"PA449014","cisplatin","5460033","","D00275","DrugBank not found"
"PA449015","citalopram","2771","DB00215","D00822",""
"PA10888","clobazam","2789","DB00349","D01253",""
"PA449048","clomipramine","2801","DB01242","D00811",""
"PA449053","clopidogrel","60606","DB00758","D00769",""
"PA449061","clozapine","135398737","DB00363","D00283",""
"PA166160044","cobimetinib","16222096","DB05239","D10405",""
"PA449088","codeine","5284371","DB00318","D00195",""
"PA165946122","crizotinib","11626560","DB08865","D09731",""
"PA166114911","dabrafenib","44462760","DB08912","D10064",""
"PA166128167","daclatasvir","25154714","DB09102","D10065",""
"PA166182279","dacomitinib","11511120","DB11963","D09883",""
"PA166151992","dapoxetine","71353","DB04884","D03649",""
"PA449211","dapsone","2955","DB00250","D00592",""
"PA164774901","darifenacin","444031","DB00496","D01699",""
"PA163522472","darunavir","213039","DB01264","D03656",""
"PA166163411","dasabuvir","56640146","DB09183","D10553",""
"PA166160002","dasabuvir / ombitasvir / paritaprevir / ritonavir","","","","PubChem not found; DrugBank not found; KEGG not found"
"PA162372878","dasatinib","3062316","DB01254","D03658",""
"PA164750594","denileukin diftitox","","","D03682","PubChem not found; DrugBank not found"
"PA164749136","desflurane","42113","DB01189","D00546",""
"PA449233","desipramine","2995","DB01151","D00812",""
"PA164776964","desloratadine","124087","DB00967","D03693",""
"PA165958374","desvenlafaxine","125017","DB06700","D02570",""
"PA166169881","deutetrabenazine","73442840","DB12161","D10701",""
"PA166110257","dexlansoprazole","9578005","DB05351","D08903",""
"PA449273","dextromethorphan","5360696","DB00514","D00848",""
"PA166175998","dextromethorphan / quinidine","","","","PubChem not found; DrugBank not found; KEGG not found"
"PA449283","diazepam","3016","DB00829","D00293",""
"PA166160060","dinutuximab","","","D10559","PubChem not found; DrugBank not found"
"PA164783479","divalproex sodium","","","D00304","PubChem not found; DrugBank not found"
"PA449383","docetaxel","148124","DB01248","D02165",""
"PA166114961","dolutegravir","54726191","DB08930","D10066",""
"PA166184505","dolutegravir / abacavir / lamivudine","","","","PubChem not found; DrugBank not found; KEGG not found"
"PA449394","donepezil","3152","DB00843","D00670",""
"PA449409","doxepin","3158","","D00814","DrugBank not found"
"PA449421","dronabinol","16078","DB00470","D00306",""
"PA153619853","dronedarone","208898","DB04855","D02537",""
"PA165290928","drospirenone / ethinyl estradiol","","","","PubChem not found; DrugBank not found; KEGG not found"
"PA10066","duloxetine","60835","DB00476","D01179",""
"PA166169883","durvalumab","","","D10808","PubChem not found; DrugBank not found"
"PA166182761","duvelisib","50905713","DB11952","D10555",""
"PA449441","efavirenz","64139","DB00625","D00896",""
"PA166176033","efavirenz / emtricitabine / tenofovir disoproxil","","","","PubChem not found; DrugBank not found; KEGG not found"
"PA166182348","elagolix","11250647","DB11979","D09335",""
"PA166163438","elbasvir / grazoprevir","","","","PubChem not found; DrugBank not found; KEGG not found"
"PA134687947","eletriptan","77993","DB00216","D01973",""
"PA166123486","eliglustat","23652731","DB09039","D09893",""
"PA166159062","elosulfase alfa","","","D10333","PubChem not found; DrugBank not found"
"PA165981594","eltrombopag","135449332","DB06210","D03978",""
"PA166182763","emapalumab","","","D11120","PubChem not found; DrugBank not found"
"PA166177484","enasidenib","89683805","DB13874","D10901",""
"PA166179872","encorafenib","50922675","DB11718","D11053",""
"PA449461","enflurane","3226","DB00228","D00543",""
"PA166182720","erdafitinib","67462786","DB12147","D10927",""
"PA166182723","eribulin","11354606","DB08871","D08914",""
"PA134687924","erlotinib","176870","DB00530","D04023",""
"PA166176008","erythromycin ethylsuccinate / sulfisoxazole acetyl","","","","PubChem not found; DrugBank not found; KEGG not found"
"PA10074","escitalopram","146570","DB01175","D02567",""
"PA10075","esomeprazole","9568614","DB00736","D01984",""
"PA166163432","eteplirsen","","","D09900","PubChem not found; DrugBank not found"
"PA165290929","ethinyl estradiol / norelgestromin","","","","PubChem not found; DrugBank not found; KEGG not found"
"PA164746311","everolimus","6442177","DB01590","D02714",""
"PA166160027","evolocumab","","","D10557","PubChem not found; DrugBank not found"
"PA449563","exemestane","60198","DB00990","D00963",""
"PA166184498","ezetimibe / rosuvastatin","","","","PubChem not found; DrugBank not found; KEGG not found"
"PA166184495","ezetimibe / simvastatin","","","","PubChem not found; DrugBank not found; KEGG not found"
"PA166123389","fampridine","1727","DB06637","D04127",""
"PA449594","fenofibrate","3339","DB01039","D00565",""
"PA165958376","fesoterodine","6918558","DB06702","D07226",""
"PA166153431","flibanserin","6918248","DB04908","D02577",""
"PA164781042","flucloxacillin","21319","DB00301","D01249",""
"PA449654","flucytosine","3366","DB01099","D00323",""
"PA128406956","fluorouracil","3385","DB00544","D00584",""
"PA166183787","fluorouracil / salicylic acid","","","","PubChem not found; DrugBank not found; KEGG not found"
"PA449673","fluoxetine","3386","DB00472","D00326",""
"PA166176027","fluoxetine / olanzapine","","","","PubChem not found; DrugBank not found; KEGG not found"
"PA449683","flurbiprofen","3394","DB00712","D00330",""
"PA449685","flutamide","3397","DB00499","D00586",""
"PA449690","fluvoxamine","5324346","DB00176","D00824",""
"PA134687907","formoterol","3410","DB00983","D01373",""
"PA10084","fosamprenavir","131536","DB01319","D02497",""
"PA164746820","fosphenytoin","56339","DB01320","D02096",""
"PA164747170","fulvestrant","104741","DB00947","D01161",""
"PA449726","galantamine","9651","DB00674","D02173",""
"PA131301952","gefitinib","123631","DB00317","D01977",""
"PA166182767","gilteritinib","49803313","DB12141","D10709",""
"PA449782","glibenclamide","3488","DB01016","D00336",""
"PA10892","gliclazide","3475","DB01120","D01599",""
"PA449761","glimepiride","3476","DB00222","D00593",""
"PA449762","glipizide","3478","DB01067","D00335",""
"PA164747674","goserelin","5311128","DB00014","D00573",""
"PA449841","haloperidol","3559","DB00502","D00136",""
"PA166114929","homoharringtonine","285033","DB04865","D08956",""
"PA166176017","hydralazine / isosorbide dinitrate","","","","PubChem not found; DrugBank not found; KEGG not found"
"PA164777036","hydroxychloroquine","3652","DB01611","D02114",""
"PA164781375","ibritumomab","92002593","","D04489","DrugBank not found"
"PA166121346","ibrutinib","24821094","DB09053","D10223",""
"PA161199368","iloperidone","71360","DB04946","D02666",""
"PA10804","imatinib","5291","DB00619","D01441",""
"PA449969","imipramine","3696","DB00458","D00394",""
"PA165958348","indacaterol","6918554","DB05039","D09318",""
"PA449977","indinavir","5362440","DB00224","D00897",""
"PA166182756","inotersen","","","D10940","PubChem not found; DrugBank not found"
"PA166177510","inotuzumab ozogamicin","","","D08933","PubChem not found; DrugBank not found"
"PA166182718","ipilimumab","","","D04603","PubChem not found; DrugBank not found"
"PA450085","irinotecan","60838","DB00762","D01061",""
"PA450106","isoflurane","3763","DB00753","D00545",""
"PA450112","isoniazid","3767","DB00951","D00346",""
"PA166176022","isoniazid / pyrazinamide / rifampin","","","","PubChem not found; DrugBank not found; KEGG not found"
"PA450125","isosorbide dinitrate","","","D00516","PubChem not found; DrugBank not found"
"PA450126","isosorbide mononitrate","","","D00630","PubChem not found; DrugBank not found"
"PA166123415","ivabradine","132999","DB09083","D07165",""
"PA165950341","ivacaftor","16220172","DB08820","D09916",""
"PA166152935","ivacaftor / lumacaftor","","","","PubChem not found; DrugBank not found; KEGG not found"
"PA166179845","ivacaftor / tezacaftor","","","","PubChem not found; DrugBank not found; KEGG not found"
"PA166182707","ivosidenib","71657455","DB14568","D11090",""
"PA165110439","ixabepilone","6445540","DB04845","D04645",""
"PA166160048","lacosamide","219078","DB06218","D07299",""
"PA166184501","lamivudine / abacavir","","","","PubChem not found; DrugBank not found; KEGG not found"
"PA450180","lansoprazole","3883","DB00448","D00355",""
"PA152241907","lapatinib","208908","DB01259","D04024",""
"PA166182733","larotrectinib sulfate","","","D11138","PubChem not found; DrugBank not found"
"PA166163427","ledipasvir / sofosbuvir","","","","PubChem not found; DrugBank not found; KEGG not found"
"PA162363968","lenalidomide","216326","DB00480","D04687",""
"PA166160006","lesinurad","53465279","DB11560","D09921",""
"PA166184379","letermovir","45138674","DB12070","D10801",""
"PA450196","letrozole","3902","DB01006","D00964",""
"PA166176018","lidocaine / prilocaine","","","","PubChem not found; DrugBank not found; KEGG not found"
"PA166182735","lidocaine and tetracaine","","","D11553","PubChem not found; DrugBank not found"
"PA164744510","lofexidine","30668","DB04948","D04765",""
"PA166114922","lomitapide","9853053","DB08827","D09637",""
"PA166182743","lorlatinib","71731823","DB12130","D11012",""
"PA450268","losartan","3961","DB00678","D00357",""
"PA166182748","lusutrombopag","49843517","DB13125","D10476",""
"PA166114925","mafenide","3998","DB06795","D01166",""
"PA164768835","maraviroc","3002977","DB04835","D06670",""
"PA450338","meclizine","4034","DB00737","D01317",""
"PA450348","mefloquine","4046","DB00358","D00831",""
"PA450353","meloxicam","54677470","DB00814","D00969",""
"PA164748741","mepivacaine","4062","DB00961","D00738",""
"PA450379","mercaptopurine","667490","DB01033","D00161",""
"PA166183788","metabutethamine","11115","DB13578","","KEGG not found"
"PA450457","methylene blue","","","D02312","PubChem not found; DrugBank not found"
"PA450475","metoclopramide","4168","DB01233","D00726",""
"PA450480","metoprolol","4171","DB00264","D00601",""
"PA166169917","midostaurin","9829523","DB06595","D05029",""
"PA166182881","migalastat","176077","DB05018","D05031",""
"PA166114927","mipomersen","71301230","","D08946","DrugBank not found"
"PA166177513","mirabegron","9865528","DB08893","D09535",""
"PA450529","mivacurium chloride","","","D00763","PubChem not found; DrugBank not found"
"PA452615","moclobemide","4235","DB01171","D02561",""
"PA450530","modafinil","4236","DB00745","D01832",""
"PA166163260","moviprep","","","D11552","PubChem not found; DrugBank not found"
"PA450555","moxifloxacin","152946","DB00218","D00874",""
"PA164748728","mycophenolic acid","","","D05096","PubChem not found; DrugBank not found"
"PA164746384","nalidixic acid","","","D00183","PubChem not found; DrugBank not found"
"PA151958426","nebivolol","71301","DB04861","D05127",""
"PA450603","nefazodone","4449","DB01149","D00819",""
"PA450606","nelfinavir","64143","DB00220","D00899",""
"PA165291472","neratinib","9915743","DB11828","D08950",""
"PA166184081","nicorandil","47528","DB09220","D01810",""
"PA165958345","nilotinib","644241","DB04868","D06413",""
"PA166131610","niraparib","24958200","DB11793","D10140",""
"PA450640","nitrofurantoin","6604200","DB00698","D00439",""
"PA450644","nitroglycerin","4510","DB00727","D00515",""
"PA166129522","nivolumab","","","D10316","PubChem not found; DrugBank not found"
"PA450654","norfloxacin","4539","DB01059","D00210",""
"PA450657","nortriptyline","4543","DB00540","D00816",""
"PA166182882","nusinersen","","","D10791","PubChem not found; DrugBank not found"
"PA165291493","ofatumumab","","","D09314","PubChem not found; DrugBank not found"
"PA450684","ofloxacin","4583","DB01165","D00186",""
"PA450688","olanzapine","135398745","DB00334","D00454",""
"PA164920420","olaparib","23725625","DB09074","D09730",""
"PA166163434","olaratumab","","","D09939","PubChem not found; DrugBank not found"
"PA166163408","ombitasvir / paritaprevir / ritonavir","","","","PubChem not found; DrugBank not found; KEGG not found"
"PA450704","omeprazole","4594","DB00338","D00455",""
"PA450705","ondansetron","4595","DB00904","D00456",""
"PA164712951","Opium derivatives and expectorants","","","","PubChem not found; DrugBank not found; KEGG not found"
"PA166131626","osimertinib","71496458","DB09330","D10766",""
"PA166182883","ospemifene","3036505","DB04938","D08958",""
"PA450732","oxcarbazepine","34312","DB00776","D00533",""
"PA450741","oxycodone","5284603","DB00497","D00847",""
"PA166182885","oxymetazoline and tetracaine","","","D11554","PubChem not found; DrugBank not found"
"PA166153469","palbociclib","5330286","DB09073","D10372",""
"PA163518919","paliperidone","115237","DB01267","D05339",""
"PA10352","palonosetron","6337614","DB00377","D05343",""
"PA162373091","panitumumab","","","D05350","PubChem not found; DrugBank not found"
"PA450774","pantoprazole","4679","DB00213","D02593",""
"PA166184497","Paracetamol, combinations excl. Psycholeptics (Vicks MediNait Sirup)","","","","PubChem not found; DrugBank not found; KEGG not found"
"PA164713150","Parathyroid Hormones And Analogues","","","","PubChem not found; DrugBank not found; KEGG not found"
"PA450801","paroxetine","43815","DB00715","D02260",""
"PA165291492","pazopanib","10113978","DB06589","D05380",""
"PA164784024","peginterferon alfa-2b","","","D02748","PubChem not found; DrugBank not found"
"PA165963961","pegloticase","","","D09316","PubChem not found; DrugBank not found"
"PA166124615","pembrolizumab","","","D10574","PubChem not found; DrugBank not found"
"PA450877","perindopril","107807","DB00790","D00624",""
"PA450882","perphenazine","4748","DB00850","D00503",""
"PA165290933","pertuzumab","","","D05446","PubChem not found; DrugBank not found"
"PA450947","phenytoin","1775","DB00252","D00375",""
"PA450965","pimozide","16362","DB01100","D00560",""
"PA450970","pioglitazone","4829","DB01132","D00945",""
"PA450985","piroxicam","54676228","DB00554","D00127",""
"PA142650384","pitavastatin","5282452","DB08860","D01862",""
"PA166185163","pitolisant","9948102","DB11642","D10749",""
"PA165980594","ponatinib","24826799","DB08901","D09950",""
"PA151958574","posaconazole","468595","DB01263","D02555",""
"PA154410481","prasugrel","6918456","DB06209","D05597",""
"PA451089","pravastatin","54687","DB00175","D00893",""
"PA451101","prilocaine","4906","DB00750","D00553",""
"PA451103","primaquine","4908","DB01087","D02126",""
"PA451106","probenecid","4911","DB01032","D00475",""
"PA451108","procainamide","4913","DB01035","D00477",""
"PA451131","propafenone","4932","DB01182","D00640",""
"PA451145","propranolol","4946","DB00571","D00483",""
"PA451168","protriptyline","4976","DB00344","D00484",""
"PA451209","quinidine","441074","DB00908","D00642",""
"PA451213","quinine","3034034","DB00468","D01663",""
"PA451216","rabeprazole","5029","DB01129","D00724",""
"PA451221","raloxifene","5035","DB00481","D02217",""
"PA164888966","raltegravir","54671008","DB06817","D06676",""
"PA166184558","ramucirumab","","","D09371","PubChem not found; DrugBank not found"
"PA164746007","ranolazine","56959","DB00243","D05700",""
"PA10176","rasburicase","","","D05704","PubChem not found; DrugBank not found"
"PA166114943","regorafenib","11167602","DB08896","D10137",""
"PA166153470","ribociclib","44631912","DB11730","D10883",""
"PA451257","risperidone","5073","DB00734","D00426",""
"PA451260","ritonavir","392622","DB00503","D00427",""
"PA451261","rituximab","","","D02994","PubChem not found; DrugBank not found"
"PA165958360","rivaroxaban","9875401","DB06228","D07086",""
"PA451271","ropivacaine","175805","DB00296","D04048",""
"PA134308647","rosuvastatin","446157","DB01098","D01915",""
"PA166163418","rucaparib","9931954","DB12332","D10079",""
"PA166123386","ruxolitinib","25126798","DB08877","D09959",""
"PA164784002","sertindole","60149","DB06144","D00561",""
"PA451341","sevoflurane","5206","DB01236","D00547",""
"PA451346","sildenafil","135398744","DB00203","D02229",""
"PA166122590","simeprevir","24873435","","D10081","DrugBank not found"
"PA451363","simvastatin","54454","DB00641","D00434",""
"PA166182736","siponimod","44599207","DB12371","D11072",""
"PA451365","sirolimus","5284616","DB00877","D00753",""
"PA166176020","sodium benzoate / sodium phenylacetate","","","","PubChem not found; DrugBank not found; KEGG not found"
"PA166115361","sodium nitrite","","","D05865","PubChem not found; DrugBank not found"
"PA166114316","sodium phenylbutyrate","","","D05868","PubChem not found; DrugBank not found"
"PA166122593","sofosbuvir","45375808","DB08934","D10366",""
"PA166163416","sofosbuvir / velpatasvir","","","","PubChem not found; DrugBank not found; KEGG not found"
"PA166177517","sofosbuvir / velpatasvir / voxilaprevir","","","","PubChem not found; DrugBank not found; KEGG not found"
"PA451521","succimer","2724354","DB00566","D00572",""
"PA451522","succinylcholine","5314","DB00202","D00766",""
"PA451539","sulfadiazine","5215","DB00359","D00433",""
"PA10715","sulfamethoxazole / trimethoprim","","","","PubChem not found; DrugBank not found; KEGG not found"
"PA451547","sulfasalazine","5339","DB00795","D00448",""
"PA162372840","sunitinib","5329102","DB01268","D06402",""
"PA166184562","tafamidis","11001318","DB11644","D09673",""
"PA166115580","tafenoquine","115358","DB06608","D10490",""
"PA166182740","talazoparib","135565082","DB11760","D10732",""
"PA451581","tamoxifen","2733526","DB00675","D00966",""
"PA451583","tamsulosin","129211","DB00706","D01024",""
"PA165958354","telaprevir","3010818","DB05521","D09012",""
"PA10202","telithromycin","3002190","DB00976","D01078",""
"PA451614","terbinafine","1549008","DB00857","D02219",""
"PA140222719","tetrabenazine","6018","DB04844","D08575",""
"PA451663","thioguanine","2723601","DB00352","D06109",""
"PA451666","thioridazine","5452","DB00679","D00373",""
"PA165374673","ticagrelor","9871419","DB08816","D09017",""
"PA451690","timolol","33624","DB00373","D00378",""
"PA164769056","tiotropium","5487427","DB01409","D01929",""
"PA166184566","tipiracil / trifluridine","","","","PubChem not found; DrugBank not found; KEGG not found"
"PA163522473","tipranavir","54682461","DB00932","D03843",""
"PA164774902","tolazamide","5503","DB00839","D00379",""
"PA451718","tolbutamide","5505","DB01124","D00380",""
"PA166152940","tolperisone","5511","DB06264","D01507",""
"PA164746757","tolterodine","443879","DB01036","D00646",""
"PA451731","toremifene","3005573","DB00539","D00967",""
"PA164748364","tositumomab","","","D08621","PubChem not found; DrugBank not found"
"PA451735","tramadol","33741","DB00193","D01355",""
"PA166115364","trametinib","11707110","DB08911","D10175",""
"PA451743","trastuzumab","","","D03257","PubChem not found; DrugBank not found"
"PA165958441","trastuzumab emtansine","","","D09980","PubChem not found; DrugBank not found"
"PA451746","tretinoin","444795","DB00755","D00094",""
"PA451791","trimipramine","5584","DB00726","D00394",""
"PA166177519","umeclidinium","11519070","DB09076","D10180",""
"PA166184235","umeclidinium / vilanterol","","","","PubChem not found; DrugBank not found; KEGG not found"
"PA166048654","ustekinumab","","","D09214","PubChem not found; DrugBank not found"
"PA166170051","valbenazine","24795069","DB11915","D10675",""
"PA451846","valproic acid","","","D00399","PubChem not found; DrugBank not found"
"PA166118341","vandetanib","3081361","DB05294","D06407",""
"PA10229","vardenafil","135400189","DB00862","D02731",""
"PA166115366","velaglucerase alfa","","","D09029","PubChem not found; DrugBank not found"
"PA165946873","vemurafenib","42611257","DB08881","D09996",""
"PA166153473","venetoclax","49846579","DB11581","D10679",""
"PA451866","venlafaxine","5656","DB00285","D00821",""
"PA166184233","vernakalant","9930049","DB06217","D06665",""
"PA451879","vincristine","5978","","D02197","DrugBank not found"
"PA164713397","Vitamin B-complex with vitamin C","","","","PubChem not found; DrugBank not found; KEGG not found"
"PA451898","vitamin c","","","D00069","PubChem not found; DrugBank not found"
"PA166122595","vortioxetine","9966051","DB09068","D10184",""
"PA451906","warfarin","54678486","DB00682","D00564",""
"PA166184503","zidovudine / lamivudine / abacavir","","","","PubChem not found; DrugBank not found; KEGG not found"
"PA451978","zonisamide","5734","DB00909","D00538",""
"PA452629","zuclopenthixol","5311507","DB01624","D03556",""
